LABEL,LATITUDE,LONGITUDE,SRS,BHT,DEPTH,COUNTY,STATE,ELEVATION,COMPANY,DRILL DEPTH,LOG DATE
WHITNEY,42.770295,-103.258382,WGS84,21.62,151,Dawes,Nebraska,1051,UNL-UNO-DOE HEAT FLOW ,151,1980-01-01T00:00
WHITEWATER WELL,41.648468,-101.377965,WGS84,15.198,190,McPherson,Nebraska,1067,MILLDALE LAND AND CATTLE,190,1981-06-24T00:00
WHITEWATER SOUTH,41.634055,-101.39747,WGS84,12.639,90,McPherson,Nebraska,1067,WHITEWATER RANCH INC,90,1981-06-24T00:00
WHITE CLAY,42.792354,-102.667371,WGS84,20.78,240,Sheridan,Nebraska,1221,UNO-UNL-DOE HEAT FLOW,240,1978-10-28T00:00
WELLFLEET,40.811164,-100.75528,WGS84,14.78,135,Lincoln,Nebraska,908,OBSERVATION WELL,138,1978-08-11T00:00
WAYNE,42.228074,-97.047226,WGS84,16.202,154,Wayne,Nebraska,454,UNO-UNL-DOE HEAT FLOW,154,1981-05-28T00:00
WAGNER,41.879078,-98.268109,WGS84,12.297,52,Boone,Nebraska,579,JUD WAGNER,52,1981-07-31T00:00
VAN PELT,41.4551546,-103.774075,WGS84,70,1360,Banner,Nebraska,1528,OKMAR OIL CO,1052,1980-10-01T00:00
VALENTINE,42.889654,-100.504533,WGS84,20.498,154,Cherry,Nebraska,753,UNO-UNL-DOE HEAT FLOW,154,1981-06-28T00:00
UNION SOUTH,40.776816,-95.997833,WGS84,14.78,150,Otoe,Nebraska,310,UNO-UNL-DOE HEAT FLOW,150,1977-07-26T00:00
UNION NORTH,40.864075,-95.92111,WGS84,14.36,150,Cass,Nebraska,354,UNO-UNL-DOE HEAT FLOW,150,1977-07-26T00:00
TROWBRIDGE WELL,42.632755,-103.038043,WGS84,9.689,59,Dawes,Nebraska,1366,DELAN TROWBRIDGE,59,1981-07-19T00:00
TRAVIS #1,41.357569,-103.502283,WGS84,31.43,511,Kimball,Nebraska,1449,UNKNOWN,511,1982-08-11T00:00
TOLSTEDT WELL,42.433885,-102.797978,WGS84,12.829,95,Box Butte,Nebraska,1189,KEITH TOLSTEDT,95,1981-07-17T00:00
TABLE ROCK,40.225234,-96.076705,WGS84,15.508,158,Pawnee,Nebraska,324,UNO-UNL,158,1981-05-21T00:00
SUTTLERS CANYON,40.705939,-101.105096,WGS84,14.71,135,Lincoln,Nebraska,958,OBSERVATION WELL,135,1978-08-12T00:00
SUTHERLAND,40.952528,-101.1421,WGS84,13.71,120,Lincoln,Nebraska,965,OBSERVATION WELL,120,1978-03-06T00:00
STEVENS,41.386082,-103.807149,WGS84,30.92,511,Kimball,Nebraska,1530,UNKNOWN,511,1982-08-13T00:00
STELLA NE,40.181876,-95.831931,WGS84,16.189,154,Richardson,Nebraska,322,UNO-UNL-DOE HEAT FLOW,154,1981-05-19T00:00
STATE IA,41.532472,-103.090328,WGS84,40.83,521,Morrill,Nebraska,1198,UNKNOWN,521,1982-08-03T00:00
SPRINGVIEW,42.962728,-99.706404,WGS84,26,147,Keya Paha,Nebraska,648,UNO-UNL-DOE HEAT FLOW,147,1982-01-01T00:00
SILVER CREEK,41.329968,-97.724206,WGS84,17.53,170,Nance,Nebraska,478,UNKNOWN,220,1980-09-22T00:00
SIDNEY,41.135512,-102.801895,WGS84,20.07,185,Cheyenne,Nebraska,1227,UNO-UNL-DOE HEAT FLOW,185,1980-01-01T00:00
SHELLPEPPER WELL,42.054595,-97.224365,WGS84,11.092,74,Stanton,Nebraska,488,UNKNOWN,74,1981-05-30T00:00
SCOTTSBLUFF,41.75789788,-103.7008437,WGS84,80.38,1593,Scottsbluff,Nebraska,1216,MR. GRAY,1593,1981-10-01T00:00
SCHNEIDER/ UPPER SECTION OF DEUEL,41.204186,-102.595409,WGS84,36.32,491,Deuel,Nebraska,1213,Devel Co.,491,1981-08-11T00:00
SARGENT SOUTH,42.031798,-103.170804,WGS84,13.132,65,Box Butte,Nebraska,1267,SARGENT,65,1981-07-17T00:00
SARGENT NORTH,42.046388,-103.170998,WGS84,12.664,58,Box Butte,Nebraska,1253,SARGENT,58,1981-07-17T00:00
RUSHVILLE,42.609428,-102.608921,WGS84,17.11,200,Sheridan,Nebraska,1114,UNO-UNL-DOE HEAT FLOW,200,1980-01-01T00:00
ROTHWELL,41.7732867,-101.6819382,WGS84,33.5,612,Grant,Nebraska,1141,UNL - CSD,612,1980-11-14T00:00
RIVERDALE,40.86541,-99.151452,WGS84,13.31,74,Buffalo,Nebraska,698,MARVIN BOWRICH,74,1978-07-10T00:00
RISING CITY,41.243145,-97.300987,WGS84,12.03,60,Butler,Nebraska,494,OBSERVATION WELL,60,1978-07-10T00:00
RAY WELL,42.504342,-102.783355,WGS84,10.58,54,Dawes,Nebraska,1192,HAROLD RAY,54,1981-07-18T00:00
RAGAN,40.314279,-99.340361,WGS84,13.39,95,Harlan,Nebraska,689,OBSERVATION WELL,95,1978-08-13T00:00
QUICK,40.444876,-100.639515,WGS84,15.42,98,Frontier,Nebraska,853,OBSERVATION WELL,98,1978-08-13T00:00
PRENTISS WELL,41.648273,-101.512971,WGS84,12.731,93,Arthur,Nebraska,1097,WHITEWATER RANCH INC,93,1981-06-23T00:00
PLYMOUTH,40.313291,-97.03851,WGS84,12.63,67,Jefferson,Nebraska,442,OBSERVATION WELL,67,1978-08-06T00:00
PISCHELVILLE WELL,42.734964,-98.194004,WGS84,11.863,276,Knox,Nebraska,469,ROBERT PISCHEL,276,1981-07-01T00:00
PARKERS INC 13-9,40.15045,-101.50953,WGS84,37.51,516,Dundy,Nebraska,943,PARKERS INC OIL WELL,516,1982-08-10T00:00
OAKLAND,41.82165,-96.453903,WGS84,11.514,154,Burt,Nebraska,418,UNO-UNL-DOE HEAT FLOW,154,1981-05-22T00:00
NAPER,42.975296,-99.024208,WGS84,NA,155,Boyd,Nebraska,582,UNO-UNL-DOE HEAT FLOW,155,1980-01-01T00:00
MYERS SOUTH,41,-101.512388,WGS84,15.322,188,Arthur,Nebraska,1116,MEYERS LAND AND CATTLE CO.,188,1981-06-24T00:00
MYERS NORTH,41.69154,-101.492993,WGS84,12.509,93,Arthur,Nebraska,1091,MYERS LAND AND CATTLE CO.,93,1981-10-23T00:00
MINDEN,40.444874,-98.999461,WGS84,12.49,64,Kearney,Nebraska,671,OBSERVATION WELL,64,1978-08-13T00:00
MILLDALE RANCH,41.662666,-101.47447,WGS84,26.53,436,Arthur,Nebraska,334,UNL - CSD,436,1980-10-01T00:00
MIGNERY WELL,42.543262,-99.391383,WGS84,14.531,135,Wheeler,Nebraska,613,DAVID MIGNERY,135,1981-07-31T00:00
MERNA,41.517484,-99.798418,WGS84,12.05,49,Custer,Nebraska,804,OBSERVATION WELL,49,1978-08-07T00:00
MCGUIRE WELL,42.224129,-99.517163,WGS84,12.601,114,Rock,Nebraska,792,WALT MCGUIRE,114,1981-06-30T00:00
MCCOOK 6,40.204703,-101.157756,WGS84,44.25,836,Hitchcock,Nebraska,874,UNL - CSD,836,1982-07-28T00:00
MCCOOK 5,40.200003,-101.153956,WGS84,34.37,506,Hitchcock,Nebraska,873,UNL - CSD,506,1982-07-28T00:00
MCCOOK 4,40.150802,-101.509667,WGS84,61.997,1320,Dundy,Nebraska,964,UNL - CSD,1322,1982-07-29T00:00
MCCOOK 3,40.150784,-101.412964,WGS84,30.605,660,Red Willow,Nebraska,938,UNL - CSD,1096,1982-07-27T00:00
MCCOOK 2,40.142902,-101.490466,WGS84,61.696,1372,Dundy,Nebraska,985,UNL - CSD,1372,1982-07-29T00:00
MCCOOK 1,40.126707,-100.178424,WGS84,39.47,1070,Red Willow,Nebraska,753,UNL - CSD,1070,1982-07-27T00:00
MAYWOOD (MAYFIELD ON PAPER),40.678163,-100.562716,WGS84,16.41,125,Frontier,Nebraska,841,OBSERVATION WELL,125,1977-09-01T00:00
MAXWELL WELL,41.763226,-103.703689,WGS84,10.97,44,Box Butte,Nebraska,1219,WARREN MAXWELL,44,1981-07-19T00:00
LOWER LOUPNRD TRANSECT 4,41.96416,-98.829121,WGS84,11.308,55,Garfield,Nebraska,655,UNL - CSD,55,1981-07-30T00:00
LOWER LOUP NRD TRANSECT 3 SOUTH WELL,42.051151,-98.829771,WGS84,11.328,51,Garfield,Nebraska,671,UNL - CSD,51,1981-07-30T00:00
LOWER LOUP NRD TRANSECT 3 NORTH WELL,42.043895,-98.820053,WGS84,13.951,50,Garfield,Nebraska,671,UNL - CSD,50,1981-07-30T00:00
LOWER LOUP NRD TRANSECT 1,42.03679,-98.790577,WGS84,11.253,49,Garfield,Nebraska,664,UNL - CSD,49,1981-07-30T00:00
LISCO,41.429291,-102.480708,WGS84,21.61,185,Garden,Nebraska,1051,UNO-UNL-DOE HEAT FLOW,185,1980-08-01T00:00
LIBERTY,40.008249,-96.454513,WGS84,14.472,153,Pawnee,Nebraska,399,UNO-UNL-DOE HEAT FLOW,153,1981-05-21T00:00
LAMAR,40.588648,-101.941158,WGS84,13.04,58,Chase,Nebraska,1067,RECORDER WELL,58,1978-08-10T00:00
KIMBALL DEEP,41.286,-103.672,WGS84,70.5,1425,Kimball,Nebraska,1478,UNKNOWN,1425,1980-01-01T00:00
KIMBALL OBS WELL,41.286315,-103.672849,WGS84,13,95,Kimball,Nebraska,1478,OBSERVATION WELL,95,1978-08-08T00:00
IMPERIAL,40.5448,-101.657755,WGS84,13.96,60,Chase,Nebraska,1006,RECORDER WELL,60,1978-08-09T00:00
GUSTAFSON (HRUSKA UNIT) 1,41.2914909,-103.5565569,WGS84,82.58,1510,Kimball,Nebraska,1424,CHAIN OIL,1831,1980-01-01T00:00
HOLLIBAUGH WELL,41.393779,-103.55031,WGS84,13.827,117,Dawes,Nebraska,1311,DEWAYNE HOLLIBAUGH,117,1981-07-18T00:00
HOFFMAN NORTH,42.632629,-103.057692,WGS84,13.623,81,Cherry,Nebraska,1036,JIM HOFFMAN,81,1981-06-26T00:00
HOFFMAN SOUTH,42.632629,-103.057692,WGS84,13.063,143,Cherry,Nebraska,1036,JIM HOFFMAN,143,1981-06-21T00:00
HIBBERT WELL WEST,42.300554,-97.494691,WGS84,9.751,57,Dawes,Nebraska,1311,BILL HIBBERT,57,1981-07-19T00:00
HIBBERT WELL EAST,42.6907746,-103.0767238,WGS84,9.7,44,Dawes,Nebraska,1220,BILL HIBBERT,44,1981-07-19T00:00
HEMINGFORD,42.256031,-103.082988,WGS84,12.14,73,Box Butte,Nebraska,1305,OBSERVATION WELL,73,1978-08-07T00:00
HAZELHOST WELL,42.389371,-101.073346,WGS84,11.198,125,Pierce,Nebraska,543,IRRIGATION WELL,125,1981-05-31T00:00
HAYES CENTER,40.530964,-101.034803,WGS84,16.07,130,Hayes,Nebraska,939,OBSERVATION WELL,130,1978-08-12T00:00
HAY SPRINGS,42.577593,-102.664912,WGS84,20.57,235,Sheridan,Nebraska,1161,UNO-UNL-DOE HEAT FLOW,235,1978-10-28T00:00
HARLESS 1,41.54205451,-103.1489769,WGS84,39.53,521,Morrill,Nebraska,1182,DAVIS,521,1982-08-04T00:00
HAMILTON WELL,41.54168,-103.15383,WGS84,11.526,49,Thomas,Nebraska,878,REED HAMILTON,49,1981-07-29T00:00
HAGSTROM 1-A,41.1649087,-103.675586,WGS84,70.23,1422,Kimball,Nebraska,1484,NEBRASKA DRILLERS INC,1422,1980-10-08T00:00
GUSTISON WELL,42.984975,-101.641822,WGS84,12.3,131,Wheeler,Nebraska,655,PHIL GUSTISON,131,1981-06-30T00:00
GURLEY WELL,41.344862,-102.983389,WGS84,13.63,70,Cheyenne,Nebraska,1302,OBSERVATION WELL,70,1978-08-13T00:00
GUILL WELL,41.357039,-103.95979,WGS84,11.734,107,Holt,Nebraska,610,KENT GUILL,107,1981-06-13T00:00
GRANT SOUTH,40.778828,-101.733158,WGS84,14.02,69,Perkins,Nebraska,1046,RECORDER WELL,69,1978-07-24T00:00
GRANT,40.7718272,-101.7234778,WGS84,17.62,174,Perkins,Nebraska,1042,UNKNOWN,174,1978-08-09T00:00
GORDON,42.915642,-102.976236,WGS84,17.13,151,Sheridan,Nebraska,1143,UNO-UNL-DOE HEAT FLOW,151,1980-01-01T00:00
GILG/SLAYMAKER,42.543262,-99.391383,WGS84,13.042,95,Rock,Nebraska,701,UNKNOWN,95,1981-06-29T00:00
FREMONT,41.487978,-96.550331,WGS84,13.084,154,Dodge,Nebraska,390,UNO-UNL-DOE HEAT FLOW,154,1981-05-22T00:00
FARNAM,40.707404,-100.233292,WGS84,15.86,145,Lincoln,Nebraska,844,OBSERVATION WELL,145,1977-12-15T00:00
EUSTIS,40.474889,-100.010106,WGS84,14.81,93,Frontier,Nebraska,752,OBSERVATION WELL,93,1977-12-01T00:00
ENGERY,41.393779,-103.55031,WGS84,32.42,511,Kimball,Nebraska,1435,PETROLEUM INC,511,1982-03-13T00:00
ENDERS,40.285599,-101.65467,WGS84,14.83,55,Dundy,Nebraska,1018,U S SMELTING REFINING & MINING,55,1978-08-13T00:00
ELK CREEK 2,40.255029,-96.151593,WGS84,13.87,220,Pawnee,Nebraska,336,MOLYCORE,220,1979-07-29T00:00
ELK CREEK 1,40.269524,-96.189423,WGS84,29.56,576,Johnson,Nebraska,350,EC-13 MOLYCOKE,576,1979-07-29T00:00
ELGIN,41.937287,-98.027606,WGS84,12.41,66,Antelope,Nebraska,594,OBSERVATION WELL,66,1978-08-13T00:00
DEUEL,41.204186,-102.595409,WGS84,69.675,1146,Deuel,Nebraska,1216,SLX GROUP/W T WAGGONER ESTATE,1148,1981-09-02T00:00
"DEAVER, CHAS N 1",41.151227,-103.278302,WGS84,91,1780,Cheyenne,Nebraska,1351,U S SMELTING REFINING & MINING,1780,1981-08-17T00:00
DAYKIN,40.270527,-97.359731,WGS84,12.49,59,Jefferson,Nebraska,449,DAYKIN RECORDER WELL,59,1978-08-06T00:00
DAVIS WELL,42.632629,-103.057692,WGS84,11.928,89,Dawes,Nebraska,1366,RON DAVIS,89,1981-07-19T00:00
DANNEBROG,41.16961,-98.566695,WGS84,12.49,59,Howard,Nebraska,579,OBSERVATION WELL,59,1978-08-06T00:00
CROSS RANCH,41.6025691,-101.8039519,WGS84,41.6,761,Arthur,Nebraska,1122,UNL - CSD,761,1980-06-07T00:00
COURTHOUSE ROCK ,41.52998,-103.100528,WGS84,76.582,1242,Morrill,Nebraska,1170,C & M Oil Inc,1242,1981-10-02T00:00
"CIRCLE ""C"" WELL",41.662805,-101.43591,WGS84,12.597,92,Box Lake,Nebraska,1073,"CIRCLE ""C"" LAND AND CATTLE CO.",92,1981-06-24T00:00
CHILVERS WELL,42.300554,-97.494691,WGS84,11.222,81,Pierce,Nebraska,524,UNKNOWN,81,1981-05-31T00:00
CHAMPION,40.472519,-101.959682,WGS84,14.06,53,Chase,Nebraska,1061,OBSERVATION WELL,53,1978-08-10T00:00
CARPENTER WELL,42.389371,-101.073346,WGS84,12.264,46,Cherry,Nebraska,968,UNKNOWN,46,1981-06-28T00:00
BURTON,42.933331,-99.582058,WGS84,51.16,506,Keya Paha,Nebraska,639,GERBER ENERGY,506,1981-11-14T00:00
BURESS,40.560699,-97.473521,WGS84,11.89,75,Fillmore,Nebraska,491,OBSERVATION WELL,75,1978-08-14T00:00
BRUNSWICK,42.314011,-97.92279,WGS84,12.13,58,Antelope,Nebraska,549,OBSERVATION WELL,58,1978-08-18T00:00
BRIDGEPORT,41.54168,-103.15383,WGS84,76.75,1302,Morrill,Nebraska,1195,OBSERVATION WELL,1302,1981-07-07T00:00
BOX ELDER CANYON,40.959036,-100.58297,WGS84,18.53,242,Lincoln,Nebraska,930,UNO-UNL-DOE HEAT FLOW,213,2007-06-08T00:00
BOLTZWELL CHERRY CO.,42.984975,-101.641822,WGS84,11.451,54,Cherry,Nebraska,988,STAN BOLZ,54,1981-07-07T00:00
BIG SPRINGS,41.069303,-102.099111,WGS84,20.809,158,Duel,Nebraska,1034,UNO-UNL-DOE HEAT FLOW,158,2007-06-06T00:00
BEVERLY,40.343483,-100.976228,WGS84,14.92,95,Hitchcock,Nebraska,881,OBSERVATION WELL,95,1978-08-12T00:00
BENNET,40.635823,-96.514585,WGS84,15.327,153,Lancaster,Nebraska,412,UNO-UNL-DOE HEAT FLOW,153,1981-05-20T00:00
BENKELMAN,40.155362,-101.597427,WGS84,14.26,46,Dundy,Nebraska,998,OBSERVATION WELL,46,1978-08-11T00:00
BAYARD,41.829318,-103.286488,WGS84,21.62,151,Morrill,Nebraska,1205,UNO-UNL-DOE HEAT FLOW,151,1982-08-10T00:00
BARTH #1,41.357039,-103.95979,WGS84,33.86,521,Kimball,Nebraska,1562,STANCO PETROLEUM INC,521,1982-08-02T00:00
ANDERSON,42.945817,-98.572695,WGS84,18.67,160,Boyd,Nebraska,542,ANDERSON RANCH,160,1982-06-20T00:00
ALLIANCE,42.156228,-102.870443,WGS84,11.63,57,Box Butte,Nebraska,1204,OBSERVATION WELL,57,1978-08-11T00:00
AINSWORTH CITY WELL BROWN CO.,42.545818,-99.862597,WGS84,12.547,87,Brown,Nebraska,765,AINSWORTH CITY,87,1981-06-29T00:00
