LogURI,OtherLogID,DisplayName,Notes,LogTypeTerm,LogTypeName,WellBoreURI,WellBoreName ,APINo,ParentWellURI,Keywords,SpudDate,WellType,Status,CommodityOfInterest,StatusDate,Function,Production ,ProducingInterval ,County,State,Field,OtherLocationName,PLSS_Meridians,TWP,RGE,Section_,SectionPart,Parcel,LatDegree,LongDegree,SRS,LocationUncertaintyStatement,DrillerTotalDepth_ft,WellBoreShape,ElevationGL_ft,TopLoggedInterval_ft,BottomLoggedInterval_ft,DateTimeLogRun,PaperCopyLocation,ScannedFileURL,LASFileURL,OtherDistribution,RelatedResource,Source
http://resources.usgin.org/uri-gin/wvges/log/Wayne/4709901755gcdit/,,Devon Energy Corporation  Willard Robertson1 4709901755gcdit,Temperature Log tops and bottoms are used in the TopLoggedInterval and BottomLoggedInterval fields,Temperature,Temperature log,http://resources.usgin.org/uri-gin/wvges/well/api:4709901755/,Devon Energy Corporation  Willard Robertson1,4709901755,,Devon Energy Corporation,1981-12-12T00:00,Dry w/ Gas Show,Missing,,,,,,Wayne,West Virginia,,,,,,,,,38.255347,-82.561961,NAD 83,Location recorded as received from official permit application converted to NAD83 if required,2846,vertical,540,1498,2846,1,WVGES Oil and Gas Service Section,http://downloads.wvgs.wvnet.edu/welllogs/Wayne/4709901755gcdit.tif,,,,WVGES 2011
http://resources.usgin.org/uri-gin/wvges/log/Cabell/4701100709gdcnt_h/,,"Delta-Mike, Inc.  R W Ashworth Constr 1 4701100709gdcnt_h",Temperature Log tops and bottoms are used in the TopLoggedInterval and BottomLoggedInterval fields,Temperature,Temperature log,http://resources.usgin.org/uri-gin/wvges/well/api:4701100709/,"Delta-Mike, Inc.  R W Ashworth Constr 1",4701100709,,"Delta-Mike, Inc.",1982-06-07T00:00,Gas,Missing,,,,,,Cabell,West Virginia,,,,,,,,,38.419374,-82.462446,NAD 83,Location recorded as received from official permit application converted to NAD83 if required,3580,vertical,547,1600,3574,1,WVGES Oil and Gas Service Section,http://downloads.wvgs.wvnet.edu/welllogs/Cabell/4701100709gdcnt_h.tif,,,,WVGES 2011
http://resources.usgin.org/uri-gin/wvges/log/Cabell/4701100704dgcto/,,"Delta-Mike, Inc.  M E & D A Hood 1 4701100704dgcto",Temperature Log tops and bottoms are used in the TopLoggedInterval and BottomLoggedInterval fields,Temperature,Temperature log,http://resources.usgin.org/uri-gin/wvges/well/api:4701100704/,"Delta-Mike, Inc.  M E & D A Hood 1",4701100704,,"Delta-Mike, Inc.",1982-02-28T00:00,Gas,Missing,,,,,,Cabell,West Virginia,,,,,,,,,38.421433,-82.455256,NAD 83,Location recorded as received from official permit application converted to NAD83 if required,2833,vertical,549,1350,2844,1,WVGES Oil and Gas Service Section,http://downloads.wvgs.wvnet.edu/welllogs/Cabell/4701100704dgcto.tif,,,,WVGES 2011
,,,,,,,,,,,,,,,,,,,,,,,,,,,,,,,,,,,,,,,,,,,,
,,,,,,,,,,,,,,,,,,,,,,,,,,,,,,,,,,,,,,,,,,,,
,,,,,,,,,,,,,,,,,,,,,,,,,,,,,,,,,,,,,,,,,,,,
,,,,,,,,,,,,,,,,,,,,,,,,,,,,,,,,,,,,,,,,,,,,
,,,,,,,,,,,,,,,,,,,,,,,,,,,,,,,,,,,,,,,,,,,,
,,,,,,,,,,,,,,,,,,,,,,,,,,,,,,,,,,,,,,,,,,,,
,,,,,,,,,,,,,,,,,,,,,,,,,,,,,,,,,,,,,,,,,,,,
,,,,,,,,,,,,,,,,,,,,,,,,,,,,,,,,,,,,,,,,,,,,
